split,band,sample_count,return_close_1d_n,return_close_1d_mean,return_close_1d_median,return_close_3d_n,return_close_3d_mean,return_close_3d_median,return_close_5d_n,return_close_5d_mean,return_close_5d_median,return_close_10d_n,return_close_10d_mean,return_close_10d_median,mfe_high_5d_n,mfe_high_5d_mean,mfe_high_5d_median,mfe_high_10d_n,mfe_high_10d_mean,mfe_high_10d_median,mae_low_5d_n,mae_low_5d_mean,mae_low_5d_median,mae_low_10d_n,mae_low_10d_mean,mae_low_10d_median,abs_return_close_5d_mean,abs_return_close_10d_mean,p_mfe_5d_ge_5pct,p_mfe_10d_ge_5pct,p_mfe_5d_ge_10pct,p_mfe_10d_ge_10pct,p_exec_tp_5d,p_exec_sl_5d,p_exec_tp_10d,p_exec_sl_10d,median_executable_gross_return,median_return_slippage_0bps_per_side_no_fees,median_net_fees_slippage_0bps_per_side,p_net_positive_fees_slippage_0bps_per_side,median_return_slippage_5bps_per_side_no_fees,median_net_fees_slippage_5bps_per_side,p_net_positive_fees_slippage_5bps_per_side,median_return_slippage_10bps_per_side_no_fees,median_net_fees_slippage_10bps_per_side,p_net_positive_fees_slippage_10bps_per_side,median_return_slippage_20bps_per_side_no_fees,median_net_fees_slippage_20bps_per_side,p_net_positive_fees_slippage_20bps_per_side,elasticity_beta_raw_median,elasticity_atr_raw_median,elasticity_idio_raw_median,elasticity_burst_raw_median,elasticity_hit_raw_median,hit_5_rate_median,hit_10_rate_median
train,top_5,31608,31608,-0.001152829553073911,-0.0038610038610037423,31608,-0.0018086111164186494,-0.011385007088505095,31608,-0.0028708287434637877,-0.01641063620483929,31607,-0.004528403222051553,-0.029220779220779147,31608,0.11364452373676626,0.07862041301852085,31607,0.16664790723656817,0.11406249999999996,31608,-0.10425550190990607,-0.08752410207681427,31607,-0.1474250448613501,-0.12955032119914334,0.10892916889055144,0.15578538082235793,0.6489812705644141,0.738823678299111,0.41078208048595294,0.543898503496061,0.4888635788407998,0.3027714502657555,0.5577878318094093,0.39760179707026927,0.05349794238683114,0.05349794238683114,0.04874084609312859,0.5666688400599856,0.05244497093017286,0.04769265983558283,0.5665058355610615,0.05139305139305139,0.04664551999624496,0.5661798265632132,0.04929236177850038,0.044554369422270604,0.5655278085675165,2.931270386373529,0.09314009037360686,0.8924891392431983,0.16714304077130882,0.6047619047619047,0.6746031746031746,0.4444444444444444
train,top_10,78512,78512,-0.00043258054433654964,-0.002165674700885911,78512,-0.0004800647098089188,-0.0069748427229833765,78512,-0.0007973001157178622,-0.010194411257720637,78511,-0.0012316048557710132,-0.018085106382978666,78512,0.09799572992780106,0.06790188847039136,78511,0.14357523208950848,0.09868421052631571,78512,-0.0898376739020837,-0.07344169175045717,78511,-0.12773610713848177,-0.1082390953150244,0.09398675296688105,0.13447472987332076,0.6064423272875484,0.7110341226070233,0.3512329325453434,0.4956120798359466,0.4624261259425311,0.2466501936009782,0.5553998802715543,0.35696908713428693,0.05280686493997455,0.05280686493997455,0.048837299174458365,0.5747645415027944,0.051754584215396915,0.047789051003054896,0.5743246739805423,0.050703354720314286,0.046741847814136483,0.5737683709376941,0.04860404312384692,0.04465056423754461,0.572733388532395,2.3938513775870205,0.07817215229770516,0.7529801089846804,0.1360604825044479,0.5484126984126985,0.626984126984127,0.373015873015873
train,top_15,137388,137387,-0.00022144577808524464,-0.0013333333333334085,137387,0.00017557080714661064,-0.004361370716510882,137387,0.0002342284099453837,-0.006646525679758319,137386,0.0009072117340468192,-0.012157890835706231,137387,0.08757007195693925,0.06048867699642435,137386,0.12877776845721603,0.08847338313063413,137387,-0.08056894534536721,-0.06409933719271765,137386,-0.11475935193728162,-0.09453753657389763,0.08413050280019814,0.12105867197984672,0.5690785882215931,0.6857176131483558,0.30342754409078004,0.45389632131367097,0.43635132872833676,0.20642418860590886,0.5468388336511726,0.3218013480267276,0.05210084033613449,0.05210084033613449,0.04847724094718685,0.5766436774848168,0.05104926528332476,0.047429215031476124,0.5758244182199184,0.049998740755043514,0.046382318975213374,0.5748097496415573,0.04790083698149927,0.044291659619952385,0.5730892246608581,2.1062849780321358,0.068169296862203,0.6607753229195685,0.11721952986390988,0.5055555555555555,0.5873015873015873,0.31746031746031744
train,top_20,199005,199004,-5.79715554842401e-05,-0.0008220844954018314,199004,0.0005314940230508628,-0.0029940119760478723,199004,0.0008649518379863029,-0.004155261007751321,199003,0.0019702642570408654,-0.007968127490039834,199004,0.0802686741345132,0.055729485155678105,199003,0.11794930293446325,0.08167115902964972,199004,-0.07417655898154599,-0.057812500000000044,199003,-0.10578361815884552,-0.0851458885941645,0.07748521652476226,0.11148625006733436,0.5407278245663404,0.6655075551624849,0.27019054893368977,0.4214861082496244,0.4153182850595968,0.18014713272095034,0.537197931689472,0.29524178027466924,0.05152199368699717,0.05152199368699717,0.04795872266135739,0.5775140442330078,0.05047099719155801,0.04691045370304253,0.5763681176583717,0.04942105064266766,0.045864091038206205,0.5750117668493692,0.047324301097428245,0.04377449094465282,0.5727393731432417,1.9052009305449418,0.06146001955034213,0.5983765388003022,0.10597954387509878,0.4714285714285715,0.5555555555555556,0.2777777777777778
train,p60_80,270565,270565,0.00033790238910808273,0.0002604845011722201,270565,0.0011575440554798021,0.0007698229407235857,270565,0.0019068265559551013,0.0014490128599891072,270565,0.0038316259670500563,0.00216122757726378,270565,0.04658066728270163,0.035440998791784306,270565,0.06833122841829478,0.05275056518462695,270565,-0.04454788251143872,-0.03397027600849256,270565,-0.06406954934091118,-0.05017265894779599,0.045950079490537594,0.06631259982364242,0.3547021972538946,0.5218117642710625,0.09764751538447324,0.22569438027830652,0.27266645722839244,0.06141962190231552,0.4387670245597176,0.1507475098405189,0.02031746031746029,0.02031746031746029,0.01854332919178714,0.5637055790660285,0.019297652760921213,0.01752529764030794,0.5600761369726314,0.01827886399314993,0.016508282634253996,0.5561916729806147,0.01624433672337844,0.014477296174129366,0.5490584517583575,1.2456485583152133,0.03683610451306415,0.3525016474993733,0.06520041670536525,0.2882352941176471,0.373015873015873,0.09523809523809523
train,p40_60,283228,283228,0.00025581740841621066,0.0003162655368607048,283228,0.0009068879127302583,0.0011564330849425097,283228,0.0015072770681239015,0.002064762095905115,283228,0.003029438619614456,0.0030947073814383552,283228,0.033558338578337975,0.025977838237226547,283228,0.04928031955464043,0.03902591737609551,283228,-0.03241179325534078,-0.02452442881738226,283228,-0.046900051704325964,-0.036461727057919946,0.03338611118733687,0.04854307161103838,0.21618272204725522,0.3922140466338074,0.03235202734192947,0.10532856920925897,0.16200375669072267,0.022946177637804172,0.32814199161099894,0.07418051887525244,0.00814427336221557,0.00814427336221557,0.006734754667717415,0.5398053864730888,0.007136632909080065,0.00572852285890855,0.5337713785360204,0.006129999089763749,0.004723295768699377,0.5277232477014985,0.004119745324841384,0.00271553007432543,0.5159447512251614,0.989494496240394,0.02640554793264628,0.24816952140442122,0.0470656016298292,0.16746031746031742,0.2222222222222222,0.031746031746031744
train,p20_40,289772,289772,0.00012198279056626444,0.00036526344930631893,289772,0.0006053724050547925,0.001261810698636734,289772,0.0010596904792534575,0.002097535395909844,289772,0.002100474158306636,0.0036157400495530068,289772,0.025272834200208736,0.019994194883746763,289772,0.03718816420426174,0.03015182585589893,289772,-0.02513897101392412,-0.01877231357396897,289772,-0.03650212820642753,-0.027861533200365884,0.02569874022815329,0.03725570685196146,0.11649158648868765,0.26813149648689316,0.00965931836064216,0.03952762861836202,0.08526358654390348,0.008996728462377318,0.2187202352194139,0.03696009276258576,0.005007607713573448,0.005007607713573448,0.0038704092686101576,0.5324263445912332,0.004003102358537403,0.0028668752374581196,0.524356033386767,0.002999600505354527,0.0018645077193743193,0.5158780609142668,0.000995601295555204,-0.00013791308832699473,0.4987355591177934,0.7597643047243868,0.020105081524761682,0.1842135848846997,0.03526203952456164,0.08333333333333333,0.1111111111111111,0.0
train,bottom_20,191379,191378,4.099443812543264e-05,0.0,191376,0.00017298590740896233,0.000241487788713024,191374,0.00028669476613862324,0.0005988023952097077,191371,0.000690921283364114,0.0007788161993769194,191374,0.013526673895016102,0.00895632628393761,191371,0.020184306043994033,0.013735732249951615,191374,-0.01405120807670517,-0.008558958870753253,191371,-0.02096580121940271,-0.012912482065997155,0.014599894847711068,0.02171132105938195,0.02737571456937724,0.08709783614027204,0.0009823696008862228,0.005674841015618877,0.020034069413817968,0.0017295975419858497,0.07134309796155112,0.009923133599134664,0.0008067769261799196,0.0008067769261799196,-0.0004591015961134329,0.4889598659580595,-0.0001935296974343581,-0.001458144293854532,0.45780035081289105,-0.0011928370137324062,-0.002456206129090093,0.4308924784668953,-0.003188459708255875,-0.004449421999858863,0.394905359059612,0.46307515154977846,0.011064957002457009,0.08196700351589029,0.020701977778234126,0.005555555555555555,0.007936507936507936,0.0
validation,top_5,14438,14438,0.0011083587332454212,-0.003485250371839388,14438,0.008396753867595662,-0.003772634852290291,14438,0.015570844580666356,-0.0038784760873272206,14438,0.03432777351122962,-0.005000281265821305,14438,0.14366338175216375,0.09411081458290749,14438,0.22495275602915374,0.1415541113489679,14438,-0.10911162699801924,-0.0870749458954671,14438,-0.14986841875661716,-0.12140431424828191,0.12520425141326455,0.18481756165509425,0.7009973680565176,0.7963014267904142,0.47832109710486215,0.6238398670175924,0.5347693586369303,0.28750519462529434,0.6101953179110681,0.35025626818118855,0.05743952552015441,0.05743952552015441,0.05360725308161874,0.6185759800526389,0.056382614450169344,0.05255418547502887,0.6184374567114559,0.05532675923539898,0.051500853156101103,0.6182296716996813,0.05321821004901617,0.04939997132549656,0.6178833633467239,3.5828479971188516,0.09827899439460243,1.0567478023329686,0.1945809626499027,0.6666666666666666,0.7301587301587301,0.5158730158730159
validation,top_10,30295,30295,0.001134139340050115,-0.001245330012453305,30295,0.007857393911339319,-0.0004998928800971081,30295,0.014742964198765937,0.0012642225031604948,30295,0.03300308379985532,0.0060606060606061,30295,0.12123667538529863,0.08082329317269088,30295,0.19009187459176718,0.12338804220398591,30295,-0.09332383238774232,-0.07251908396946571,30295,-0.128897973369447,-0.10116279069767431,0.10667615404808871,0.15946907493904805,0.6637068823238158,0.7761346756890576,0.4150519887770259,0.5813170490179898,0.5121967321340155,0.23297573857072124,0.619343125928371,0.30711338504703745,0.056367432150313146,0.056367432150313146,0.052838127702884076,0.6384102462533835,0.05531159263791907,0.05178583680580461,0.6378490790255497,0.05425680791025278,0.05073459763855451,0.6373209216346472,0.05215039649302655,0.04863489482820378,0.6362646068528421,2.783550680511526,0.08211346362649291,0.8525092864296363,0.15671317014277353,0.6095238095238095,0.6825396825396826,0.4365079365079365
validation,top_15,48890,48890,0.0010770500618480791,-0.00042526095270739583,48890,0.007122291382287837,0.0,48890,0.01341050158012142,0.0029887922152942448,48890,0.029607070784821343,0.009636163452321322,48890,0.10666530168045557,0.07048526334147198,48890,0.166273543428809,0.10911337409735455,48890,-0.08333080451526001,-0.062989501312336,48890,-0.11551355016602848,-0.08887995462713388,0.09510348208059324,0.14168063941267398,0.6223972182450399,0.7479239108202086,0.36128042544487626,0.5344446717120065,0.48191859275925547,0.20114542851298833,0.6066271221108611,0.28312538351401106,0.05500824475375776,0.05500824475375776,0.05175657577232239,0.6363190083658901,0.05395376374950611,0.05070535486750545,0.6355621919041093,0.052900336172831186,0.049655183670408776,0.6348053754423285,0.05079663499426157,0.0475579841164714,0.6328212890425249,2.2883643675488057,0.07117759296680162,0.7270640971861999,0.13165094768513547,0.5531746031746031,0.6349206349206349,0.36507936507936506
validation,top_20,69861,69861,0.0010002306171398754,0.0,69861,0.006443116884876367,0.0010905125408942062,69861,0.012084401339755609,0.00402909904868487,69861,0.026421960290181744,0.010834236186348933,69861,0.09510474551739267,0.06250781249999982,69861,0.14762407072339875,0.09727851766068318,69861,-0.07534203882279307,-0.05589519650655017,69861,-0.10461247535693965,-0.07844990548204156,0.08536184963028182,0.12657591509504929,0.583344068936889,0.7211033337627575,0.31422395900430855,0.4887991869569574,0.4529136428049985,0.17201299723737135,0.5930061121369576,0.2565952391176765,0.05384437239462714,0.05384437239462714,0.051039005726187386,0.6350558259375895,0.052791054681089467,0.04998860894015836,0.6338391067849986,0.05173878923299968,0.048939252569974515,0.6327082736902376,0.0496374088321736,0.04684087865976999,0.6300744345834526,2.0270215077692164,0.06303033193437618,0.6397549274738226,0.11446230416211084,0.5031746031746032,0.5873015873015873,0.30952380952380953
validation,p60_80,96850,96850,0.00045973696450140374,0.00017739937612826218,96850,0.0023501979447576333,0.0013635886873772929,96850,0.0042079388990593925,0.0034541679692701166,96850,0.009008426618308417,0.008340817334507755,96850,0.04888237120527241,0.036489913499323734,96850,0.07334266641055491,0.05622697244853658,96850,-0.04464903119499145,-0.033286621956883145,96850,-0.06380792559271839,-0.0473903111381877,0.047341044488052125,0.06985464454138263,0.3682498709344347,0.5465875064532782,0.10915849251419721,0.25017036654620545,0.2816107382550336,0.059628291171915336,0.4625193598347961,0.14376871450696954,0.029515717246817674,0.029515717246817674,0.028045573614811338,0.5900774393391843,0.02848671603017916,0.02701805234081521,0.5868249870934434,0.027458742786784063,0.02599110035080008,0.5835312338668044,0.025405874064195588,0.023941178958329243,0.5759008776458441,1.2422724835856656,0.03646069625319054,0.37371991571945384,0.06606945931315722,0.2936507936507936,0.373015873015873,0.10317460317460317
validation,p40_60,97891,97891,0.00036419561495350814,0.0004438920454545858,97891,0.0011807467580731514,0.0010478519035976852,97891,0.002080946447425735,0.002251973058964518,97891,0.0043675394721137155,0.005602409638554295,97891,0.03465419912741894,0.02613925194241995,97891,0.05129387972746459,0.0401730409989185,97891,-0.03359578262125509,-0.024600246002460135,97891,-0.04857186454750117,-0.03556500696634157,0.034475893336752717,0.05048496696191148,0.22926520313409812,0.40603324105382516,0.04240430683106721,0.1240665638312,0.17001562962887293,0.02977801840822956,0.3358735736686723,0.08648394643021319,0.010307668280493454,0.010307668280493454,0.00889879005407618,0.5536974798500373,0.00929786551359646,0.007888451873966976,0.547660152618729,0.008289071540672266,0.006881067263882239,0.5419701504734858,0.006274503936060327,0.004869312930181406,0.5294358010440183,0.9383205149501329,0.02638305322128852,0.26735394134690943,0.04769223709461168,0.17539682539682538,0.23015873015873015,0.03968253968253968
validation,p20_40,102611,102611,0.00024467319861225435,0.00041459369817564706,102611,0.000759763121280838,0.0010442429238801676,102611,0.0012719793095485705,0.0019946808510638014,102611,0.002321492907989741,0.00342801175318308,102611,0.02542606791071863,0.01943683030151999,102611,0.0371482175066062,0.02914458743376236,102611,-0.025495659213245175,-0.01842383638928069,102611,-0.03711293153281598,-0.0270794273052668,0.025422984441782995,0.03681681649283449,0.11686856185009405,0.25910477434193213,0.014335695003459667,0.046242605568603753,0.08335363654968765,0.017083938369180693,0.20962664821510366,0.04869848261882254,0.0045214770158252815,0.0045214770158252815,0.0033487964664408367,0.5319472765056539,0.003517457548543268,0.0023459483284822245,0.5225226104178659,0.002514441097711817,0.0013441015717755138,0.5128930602846913,0.0005114112393149739,-0.0006565937913954333,0.4939168951286379,0.6386336714162274,0.019667084726867356,0.19733202794019722,0.03521729591915723,0.08571428571428572,0.11904761904761904,0.0
validation,bottom_20,70184,70184,0.00017133143361719403,0.0,70184,0.0006749069908280746,0.0004739785804275254,70184,0.00129510921421587,0.000959002692381139,70184,0.002899372624655844,0.0019896538002388553,70184,0.01293151953690862,0.008175793499927253,70184,0.019529197775912704,0.012812028572357415,70184,-0.013145657714830492,-0.007669138431143141,70184,-0.019233118907099337,-0.011097232321796158,0.01350290658359305,0.01936641801426665,0.024806223640715833,0.07638493103841332,0.0025646871081728027,0.007295109996580417,0.01843725065542004,0.0066254416961130744,0.06294882024393024,0.019263649834720165,0.002015011843307879,0.002015011843307879,0.000877794812812143,0.5463005252340717,0.0010134975885920383,-0.00012258370937877824,0.4956468371774378,1.2983847617054067e-05,-0.0011219632698165958,0.46366179493034937,-0.001985048084210239,-0.0031198373767731655,0.41669045444165337,0.3666300757231641,0.010294912438324571,0.08356548021336521,0.021182646042092745,0.01111111111111111,0.015873015873015872,0.0
