,drawdown_20,drawdown_60,ret_20,ret_60,atr_pct_20,lower_wick_ratio,close_location,volume_contraction,decline_acceleration,rebound_from_low_5,elasticity_score
drawdown_20,1.0,0.8177053341767515,0.6654278245090002,0.39322657027507196,-0.6288602498094357,0.003328328529156801,0.25279010826479786,-0.0641765489752103,0.0780840943440914,0.04833237491334074,-0.505752751223832
drawdown_60,0.8177053341767515,1.0,0.606475629713873,0.6598180653581878,-0.6514161478864751,0.009532796572597707,0.16306344148263013,-0.016866845715481145,0.03138214397504356,-0.08477703936158335,-0.5087715011366513
ret_20,0.6654278245090002,0.606475629713873,1.0,0.5037853124745894,-0.15321958438152636,0.0028115765401365406,0.1410647861242295,-0.07148742191338572,-0.005123595598877869,0.2238222474328815,-0.020689704394498715
ret_60,0.39322657027507196,0.6598180653581878,0.5037853124745894,1.0,-0.17856521746631143,0.01653199210149121,0.08957017489705153,-0.029821736556740197,-0.003666500912236522,0.08821618827529083,-0.006094464063855313
atr_pct_20,-0.6288602498094357,-0.6514161478864751,-0.15321958438152636,-0.17856521746631143,1.0,-0.006549725417966649,-0.04507074263719782,-0.014213837301391958,-0.0011373424527993691,0.47060208863880276,0.9017195897106689
lower_wick_ratio,0.003328328529156801,0.009532796572597707,0.0028115765401365406,0.01653199210149121,-0.006549725417966649,1.0,0.35345922246290656,-0.007955550483541296,-0.028392157112098245,0.06226971700783257,-0.007382515227609873
close_location,0.25279010826479786,0.16306344148263013,0.1410647861242295,0.08957017489705153,-0.04507074263719782,0.35345922246290656,1.0,-0.005414282323391714,0.25765635165119277,0.41756422362855533,-0.03452454996222994
volume_contraction,-0.0641765489752103,-0.016866845715481145,-0.07148742191338572,-0.029821736556740197,-0.014213837301391958,-0.007955550483541296,-0.005414282323391714,1.0,0.026080499907568,0.09875165360805302,-0.02120067083943939
decline_acceleration,0.0780840943440914,0.03138214397504356,-0.005123595598877869,-0.003666500912236522,-0.0011373424527993691,-0.028392157112098245,0.25765635165119277,0.026080499907568,1.0,0.3641487291120888,-0.007412893882723187
rebound_from_low_5,0.04833237491334074,-0.08477703936158335,0.2238222474328815,0.08821618827529083,0.47060208863880276,0.06226971700783257,0.41756422362855533,0.09875165360805302,0.3641487291120888,1.0,0.45929527332639497
elasticity_score,-0.505752751223832,-0.5087715011366513,-0.020689704394498715,-0.006094464063855313,0.9017195897106689,-0.007382515227609873,-0.03452454996222994,-0.02120067083943939,-0.007412893882723187,0.45929527332639497,1.0
