split,slice,sample_count,return_close_1d_n,return_close_1d_mean,return_close_1d_median,return_close_3d_n,return_close_3d_mean,return_close_3d_median,return_close_5d_n,return_close_5d_mean,return_close_5d_median,return_close_10d_n,return_close_10d_mean,return_close_10d_median,mfe_high_5d_n,mfe_high_5d_mean,mfe_high_5d_median,mfe_high_10d_n,mfe_high_10d_mean,mfe_high_10d_median,mae_low_5d_n,mae_low_5d_mean,mae_low_5d_median,mae_low_10d_n,mae_low_10d_mean,mae_low_10d_median,abs_return_close_5d_mean,abs_return_close_10d_mean,p_mfe_5d_ge_5pct,p_mfe_10d_ge_5pct,p_mfe_5d_ge_10pct,p_mfe_10d_ge_10pct,p_exec_tp_5d,p_exec_sl_5d,p_exec_tp_10d,p_exec_sl_10d,median_executable_gross_return,median_return_slippage_0bps_per_side_no_fees,median_net_fees_slippage_0bps_per_side,p_net_positive_fees_slippage_0bps_per_side,median_return_slippage_5bps_per_side_no_fees,median_net_fees_slippage_5bps_per_side,p_net_positive_fees_slippage_5bps_per_side,median_return_slippage_10bps_per_side_no_fees,median_net_fees_slippage_10bps_per_side,p_net_positive_fees_slippage_10bps_per_side,median_return_slippage_20bps_per_side_no_fees,median_net_fees_slippage_20bps_per_side,p_net_positive_fees_slippage_20bps_per_side,elasticity_beta_raw_median,elasticity_atr_raw_median,elasticity_idio_raw_median,elasticity_burst_raw_median,elasticity_hit_raw_median,hit_5_rate_median,hit_10_rate_median
train,eligible_baseline,1290010,1290008,0.0001675762392806729,8.157937727648612e-05,1290006,0.0009048026796810734,0.0005687748563162343,1290004,0.0015553724434245859,0.0011181096508394717,1289998,0.0030694526478416647,0.0018549130650860057,1290004,0.03895697797193577,0.024925684405759263,1289998,0.05739871160480121,0.0373380638300469,1290004,-0.036912214446888865,-0.023904933148883478,1289998,-0.05315038400339703,-0.03544236610096557,0.038371879330021015,0.055671987724993516,0.24662016551886662,0.38996649607208694,0.07492844983426408,0.15268318245454643,0.18731879901147594,0.04921147531325484,0.32232375554070625,0.10610636605638148,0.007386228258279726,0.007386228258279726,0.006041367571010386,0.5455627698063801,0.006379345471414943,0.005035451220650869,0.5364595628890573,0.0053734685614601485,0.004030803324163685,0.5278257520221662,0.003364726349065039,0.00202467228698135,0.5135168296410422,0.9686640027996022,0.026766626171462415,0.24835978317854168,0.047079700288095994,0.16666666666666666,0.2222222222222222,0.031746031746031744
train,elastic_top20,246790,246789,2.499315270926151e-06,-0.0005668934240363743,246789,0.0005952406777237819,-0.0022589298319921625,246789,0.0009748127940619958,-0.003154574132492094,246788,0.002177889846476414,-0.006300999963009979,246789,0.0753496760203695,0.05245524028897486,246788,0.11066127400826348,0.0769814729268089,246789,-0.0700298667731663,-0.05394584343061837,246788,-0.09993960358556714,-0.0795727346801417,0.07290748805075638,0.10489191756687072,0.5181916535988232,0.6481555018882603,0.24595909866323054,0.39644553219767575,0.39864418592400797,0.16294486383104595,0.5263383957080571,0.2768732677439746,0.051009564293305054,0.051009564293305054,0.046978605050442865,0.5758858889454916,0.04995907997117288,0.04593144786668432,0.5745678026196744,0.04890964508392792,0.04488606349021924,0.5728479790034804,0.04681391733005835,0.04279841837327687,0.5699544369004051,1.7842451773011527,0.05719835138369371,0.5582508433145645,0.09880605729856395,0.4476190476190476,0.5317460317460317,0.24603174603174602
train,drawdown_bottom20,258002,258002,0.00038343838641665095,0.0,258002,0.0025720417403286787,0.0011362022669180183,258002,0.004172796540243901,0.0029441058504295903,258001,0.006789693581505357,0.0044274067274985285,258002,0.06516089713023344,0.04512830195987294,258001,0.09492201564055475,0.06592592592592594,258002,-0.05821623316287561,-0.041333485575093254,258001,-0.08223876874883208,-0.05915016900048298,0.06121693089369959,0.08682604693139823,0.45845381043557804,0.6094394982965182,0.18777761412702226,0.32095224437114583,0.3564662289439617,0.11667351415880498,0.5041724644478122,0.2012782896190325,0.05011933174224348,0.05011933174224348,0.043252300047045014,0.6016502344127221,0.04906973720776864,0.04220960401932849,0.5990997305421865,0.048021191219282056,0.041167946855571264,0.5963311683254676,0.0459272386015559,0.03908774477848172,0.5910432534305251,1.3493915698507377,0.04999190947831101,0.4299336260441723,0.07306909330108405,0.33015873015873015,0.4126984126984127,0.1349206349206349
train,elastic_and_drawdown,127594,127594,4.393896457205026e-05,-0.0007468264060861984,127594,0.0016485986320164763,-0.0020040660979381286,127594,0.0022996146965182374,-0.002701707354297589,127593,0.0026161263637207257,-0.0066225165562914245,127594,0.08366859592916989,0.05907172995780596,127593,0.12186255150077725,0.08606060606060617,127594,-0.07584411105232602,-0.05861159696070084,127593,-0.10824908291225438,-0.0861589772095609,0.07956249232929534,0.1134965467961564,0.5622991676724611,0.6846848965068617,0.28809348401962476,0.4398046914799401,0.4352712509992633,0.18680345470790163,0.5531729797089182,0.29453026419944667,0.05224194873156873,0.05224194873156873,0.04900242048430421,0.5908649097159113,0.05119023264088263,0.04795396584803045,0.590003556047256,0.05013956721562174,0.046906557358090024,0.5886759650717136,0.048041382069965555,0.0448148688208331,0.5864791181002805,1.8525754459070507,0.06891791542548847,0.6063004873209343,0.10362729081821542,0.4587301587301587,0.5396825396825397,0.2631578947368421
train,elastic_drawdown_prior,35238,35238,-0.0003683481066374721,-0.0007191658606974793,35238,-0.00039191688494631536,-0.003805075341012043,35238,-0.0003935763743919776,-0.005194424079195348,35237,-0.0014218675283811872,-0.011776251226692902,35238,0.08304198130731567,0.05679555826918781,35237,0.1214123909275872,0.08142465753424655,35238,-0.07726313003524417,-0.05904270279209173,35237,-0.11013432744417825,-0.08757062146892647,0.08015403869961309,0.11505608652156661,0.5498041886599694,0.6698640633425093,0.2720074919121403,0.41740216249964524,0.4175605880015892,0.18630455757988534,0.5354031273945001,0.2995147146465363,0.05148567404511151,0.05148567404511151,0.0473789826858229,0.5761398089354156,0.050434713851163604,0.04633218087552955,0.5755105543161146,0.04938480356749908,0.04528642089119829,0.5741090326640352,0.04728812644413305,0.04319802442985645,0.5718208340483955,1.8748370612490253,0.06682828468728422,0.665473055611792,0.11963895546187744,0.515079365079365,0.5952380952380952,0.3253968253968254
train,elastic_drawdown_wick,48569,48569,-0.000570831143886525,-0.0011904761904761862,48569,0.001164097509668473,-0.0015889830508473146,48569,0.003989324364558916,0.0,48568,0.0028765629713306934,-0.006042273817283006,48569,0.0829743444704535,0.059189406099518393,48568,0.12091356422518133,0.08571520158262047,48569,-0.0748787087871275,-0.057771664374140386,48568,-0.10634858372660128,-0.08420275207960815,0.07921885932145611,0.1125441957322433,0.5645164611171735,0.683948278702026,0.2867466902756903,0.4391780596277384,0.4357511993246721,0.1833679919290082,0.552956679295009,0.29128232581123376,0.0521449143550099,0.0521449143550099,0.04893214866822087,0.5915913425657185,0.05109329525020745,0.047883787124435764,0.5907413550045609,0.050042726713941166,0.04683647212329494,0.5896011277883738,0.04794473505618746,0.044744966428650446,0.5872170163363463,1.8239741697182912,0.0681917741935484,0.6027675391023092,0.10398671096345491,0.46031746031746035,0.5446428571428571,0.2698412698412698
validation,eligible_baseline,438513,438513,0.0004266957767617926,0.0001632386549135223,438513,0.0021041172402365767,0.0007673124880107629,438513,0.0038444223201395578,0.0017457084666860911,438513,0.008238217487694825,0.004035512510088823,438513,0.04198265253952236,0.024816291377849353,438513,0.06342963298195382,0.03776737967914445,438513,-0.037664287763312154,-0.0234375,438513,-0.05368907214169591,-0.03379917184265013,0.04013317613256504,0.0590133461003859,0.25809269052456824,0.400740684996796,0.088234556330143,0.1739218677667481,0.1957638656094574,0.052812573401472704,0.3320084011192371,0.10712111157479938,0.009412528399870057,0.009412528399870057,0.008136282111015802,0.5684976202319076,0.008403620325507566,0.0071275340227834865,0.5558800578628177,0.007395720151318841,0.006120909724660896,0.5463313239542026,0.005382937468134008,0.004109583262486937,0.5294630348774065,0.9180598167889374,0.02707134101490379,0.26555270212653953,0.047123310379206806,0.17142857142857143,0.23015873015873015,0.03968253968253968
validation,elastic_top20,86918,86918,0.0010138332331695523,0.0,86918,0.0059546326865921725,0.001384529025309722,86918,0.010947867014804385,0.003962488511871198,86918,0.023983852219842186,0.010633532477185348,86918,0.08808912603585883,0.05808892333575921,86918,0.13640400812896994,0.09012183093701709,86918,-0.07078702684584255,-0.05192761802769025,86918,-0.09864135647787055,-0.07343696784555354,0.0797352335906595,0.11828425433409036,0.5569732391449412,0.6996019236521779,0.2849812466922847,0.4582134885754389,0.4319243424837203,0.15485860236084587,0.578349708921052,0.24223981223682092,0.05308553228993207,0.05308553228993207,0.0504429626206868,0.6288758240620362,0.052032973037268504,0.04939305726479584,0.6275067017959662,0.050981465292349815,0.04834420498804749,0.6261375795298963,0.048881598029293594,0.046249514590313796,0.623192240873477,1.8764863499698023,0.05814040603665109,0.5908093988737159,0.10427089650293114,0.469047619047619,0.5555555555555556,0.2698412698412698
validation,drawdown_bottom20,86481,86481,0.001912157698118613,0.0007071302298173876,86481,0.00670239649362624,0.0035057898650801,86481,0.00980700318637218,0.0066498509516166315,86481,0.017874211372369,0.012654172673394193,86481,0.07446361598585655,0.04797904637180794,86481,0.11140110069365142,0.07189901207464344,86481,-0.05986218415626466,-0.039999999999999925,86481,-0.08346175633355617,-0.056306496578525045,0.06648345356493499,0.09625004580111728,0.4840369560944022,0.6356309478382535,0.22045304749020017,0.3641377874908939,0.3737237080977325,0.11795654536834681,0.5259189879858004,0.19154496363363052,0.050867052023121584,0.050867052023121584,0.0483427852136361,0.629837767833397,0.049816710142039256,0.04729498291927324,0.6271088447173367,0.04876741755354508,0.04624823042363922,0.6246574392062997,0.046671973971132985,0.04415785604271801,0.6187948798001873,1.3519397381936509,0.05279999346597408,0.45127936272559044,0.07236518295747629,0.32749999999999996,0.4126984126984127,0.1349206349206349
validation,elastic_and_drawdown,42965,42965,0.0017909277272859193,0.0,42965,0.007525897429286227,0.0015337423312884457,42965,0.011697675137621584,0.0034482758620690834,42965,0.0219316815131607,0.006106870229007688,42965,0.09987111405768816,0.06568097810634055,42965,0.1517259046818142,0.09908356559119458,42965,-0.07853627554423324,-0.05733333333333335,42965,-0.10995953552015766,-0.08235294117647052,0.08855384462594303,0.1285326723047254,0.6010939136506459,0.7264052135459095,0.33164203421389504,0.49654369835912954,0.4662399627603864,0.18414988944489702,0.5930408472012103,0.26752007447922727,0.054054054054053946,0.054054054054053946,0.05096721694716132,0.6299080647038287,0.053000526763645084,0.049916784521188716,0.6290003491213778,0.051948051948051965,0.048867401036850326,0.6279762597463051,0.04984625343906779,0.04677144197500982,0.6256720586523915,1.9846927242955987,0.07386821705426355,0.6656076235431421,0.1124905518554688,0.48968253968253966,0.5714285714285714,0.30158730158730157
validation,elastic_drawdown_prior,15852,15852,-6.169401882978929e-06,-0.0017172883168859454,15852,0.006258598474728991,0.0,15852,0.010506177879721789,0.0006711457764660977,15852,0.02152770013217697,0.0,15852,0.10313563090572221,0.06676297267679787,15852,0.15857138064675308,0.10014620091241622,15852,-0.08103077122850613,-0.05985162893521606,15852,-0.11285562901499212,-0.08658406388957024,0.092158000385741,0.13495877387515998,0.6049709815796114,0.7292455210698966,0.34216502649507946,0.5007570022710068,0.46839515518546554,0.19196315922281101,0.5907771889982336,0.2715745647236942,0.05387582151504666,0.05387582151504666,0.051038309849242625,0.6259777946000504,0.05282247236810511,0.04998792120926445,0.6251577088064597,0.05177017551801366,0.048938574048110736,0.6240222053999496,0.049668732407202265,0.04684300553387685,0.6217511985869291,2.146204733980279,0.07296806692732402,0.7585117237563322,0.13248600970432012,0.5507936507936508,0.626984126984127,0.36507936507936506
validation,elastic_drawdown_wick,17282,17282,0.0017914106380089918,0.0,17282,0.007545523590844869,0.0017937417266469247,17282,0.012713232208564617,0.00553701953471053,17282,0.023348154212780678,0.01077388402169388,17282,0.097235991771813,0.06541468288955499,17282,0.14859307522629883,0.10027816465490558,17282,-0.07725008229166354,-0.05595538382650761,17282,-0.10745363832043164,-0.07911868521867915,0.08925585341909069,0.1269729799897304,0.5993519268603171,0.7283879180650388,0.3246152065733133,0.5009836824441616,0.47072098136789725,0.17573197546580258,0.603807429695637,0.25587316282837635,0.05438993827098748,0.05438993827098748,0.05132205314961886,0.6407823168614744,0.05333607526422002,0.050271346887557855,0.6396829070709409,0.05228326506764891,0.04922168565052912,0.6388149519731513,0.05018079680084386,0.047125492021510416,0.6365004050457123,1.9495899824205303,0.07274786929673584,0.655258889038841,0.11030780066823637,0.48412698412698413,0.5714285714285714,0.29365079365079366
